text_clean,class
temu airlangga tutup temu magnet temu temu kalah ketimbang megawati level edar airlangga musyawarah nasional ganti,2
sepi berita airlangga hartarto temu publik media tarik panggil airlangga jagung airlangga hadir panggil senin jeda ramai pekan,0
hebat kali udel ganti coblos yohanis yamani jokodok,2
wapres,0
muharam,1
foto nempel didik protes,2
kirim kandang wowo,0
komando komando data fakta sebar cinta penjuru negeri ajar rawan,1
selamat pagi tuips pagi mandi junub,2
coba deklarasi surat periksa diilangin umbi umbi jaksa,2
titik temu capres cawapres moga negara lelah tika bangsa,0
calon,1
aplikasi jalan cantik luncur puji warga cepat respons hadir aplikasi mudah masyarakat lapor banding masyarakat kerap sulit lapor keysia dingin tidur,1
mantan panglima andika perkasa cawapres buka suara,1
lari judul budiman sakit hati akut nebar bohong,2
jago realisasi janji bangun stadion persija bohong stadion bohong hasto,2
tinggal gerbong rawan gagas prestasi kemampyan diplomasi dunia internasional calon boneka megatron janji batu tulis mega ganjr armando kuat budiman,1
pilih nasib pakdhe nenek kunci kamar mandi nyalahin,0
jalan kampung lurah cilibur camat paguyangan kabupaten brebes layak pakai puluh rusak dibenerin tahan swadaya masyarakat perhati,2
politik budiman jalan muncul cermat hasil lembaga survei orbit gubernur megawati paksa mencapreskannya bohirnya,1
hina klaim manusia bahagia orang bahagia manusia urus negara serah ahli nyata bukti data fakta,0
fakta tarik sosok kena baju garis hitam putih baju desain presiden trend kalang rawan,0
pesan jurkam data jujur politik identitas bacapres jurkam sikap jujur politik identitas pesan pesan rakyat keysia dingin tidur,1
politik uang politik identitas tarik simpati masyarakat elektabilitas masyarakat indonesia kerja gubernur jateng keysia dingin tidur,1
orang asli indonesia orang asli indonesia asli orang arab fakta bgitu maaf putra putri pribumi nusantara pimpin rakyat indonesia hancur yaman,2
ambang hancur mencapreskan penuh zero prestasi lengkap jalan hancur tenggelam,1
siaga curang erick thohir terima masyarakat cawapres detail,2
baliho gulung baliho gulung rawan capres butuh edukasi,2
bpjs sorot puja dukung suara sungsang bwakakak,2
perintah rakyat abai perintah ketua laksana sungguh tuan,1
dukung,2
purnawirawan polri keluarga jawa dukung baswedan pilpres suara gerus jateng,2
enek antek kaya paksa banget lucu,2
really jendral sudirman jendral sudirman orang saleh pikir nonton porno malu jilat,2
bawaslu profesional tolol,2
susah seragam hitam putih garis garis masak batal,2
batal,1
presiden mulus jalan orang pesong gila ramal bodoh tolol bodoh merdeka,0
temu masyayikh habaib indonesia rembang temu tajuk silaturahmi masyayikh indonesia diskus bahas maju didik rencana bangun kota nusantara,2
julpikar dongok hadap nyata pimpin gagas prestasi diplomasi dunia international calon boneka megatron armando janji batu tulis mega,1
rakyat berani bersih solutif kharismatik pluralisme anti korupsi anti radikalisme anti intoleransi peduli rakyat,1
putra bangsa ngetrend budiman orang kwalitas rekam jejak budiman milik pribadi,1
sabar jahat kelamin orang kritik baju panjenengan pakai kampanye uwes sing sabar maklum orang suka erti filosopi makna warna baju panjenengan pakai jahat kelamin mardani alisera,1
aneh kader wajar kader dukung ngandelin orang kader pingin dukung,2
kritik seberang mardani kritik baju hitam putih karya cerah,1
preferensi panglima andika sosok isya mario congratulation dingin suzy barbie cabe oppenheimer yeonjun park jihoon,1
super hebat sempurna kekuranganya data fakta bukti capres bawa indonesia dukung pilih indonesi,2
kadang kecewa harap capresnya,0
evaluasi pencapresannya,1
ramah banget,1
pilih pribumi donk,0
aplikasi jalan cantik luncur puji warga cepat respons hadir aplikasi mudah masyarakat lapor banding masyarakat kerap sulit lapor keysia dingin tidur,1
survei capres elektabilitas unggul jatim,1
dukung,1
gubernur presiden jateng benah bangun infrastruktur biaya fantastis bangun tahap nama sinergitas pusat daerah,2
silaturahmi ajar nabi manfaat terima kasih kyai baha keluarga mbah maimoen zubair santri pondok pesantren anwar rembang dukung sosok pimpin peduli pondok pesantren,1
rocky gerung noel capres alam semesta bingung nyali bawa gagas nyusu otak sandera arah,0
jawa sibuk semarang,2
kasih,2
buzer cumak percaya survey bayar,0
jateng gampang butuh presiden citra,1
rubah prinsip duit jabat gimn upaya karya ngapaian lawan xputaran hemat uang negara,2
hati,1
jateng stadion mewah hasil,1
keren banget,1
berantas korupsi,2
calon pimpin,0
tahan daulat negara andal pesawat bekas beli nilai fantastis orang andal capai,1
garis vertikal horisontal bedain orang tokoh partai komentar miring pilih kemeja garis hitam putih kemeja garis hitam putih hitam putih makna sikap politik,2
smakin bodoh bkin poling followers frekwensi pilih kalang milih rumahbkalian menang,1
hahahaha panik makan,2
kuasa wilayah bukti hasil dulang suara nebeng plonga plongo isin,0
bebas premis fakta buka menang lihat menang khianat pakde syahwat tiket capres tega tikam,0
rawan nusantara bidik milenial,1
sandiaga ajak libur danau toba,0
masyayikh habaib bangun indonesia,0
temu rawan serentak pakai kemeja motif garis hitam putih,0
klasifikasi heboh copot spanduk,0
atos atos warna hitam putih sinergi warna kolaboratif,1
strategi menang pecah suara anis anis kalah putar putar koalisi wapres baca,1
banget presiden,1
sayang,1
keren,1
rakyat,1
beda banget,1
pimpin indonesia,1
unsur wajar pecat dukung bijak celah korupsi,1
siaaap gerak menang kostum garis hitam putih,0
semangat juang presiden pilih rakyat indonesia,2
haji lawan haji seru kayaknye wkwkwkwk,1
parah parah jend soedirman rendah beda jendral soedirman juang merdeka jiwa raga taruh merdeka jabat kejar jabat beda,1
cinta rakyat,1
bukti banget rakyat,1
milih,2
mantul letkol netral tuding intimidasi letkol purwoko perintah copot baliho,1
kaos kirim anak buah ketemu main vulgar elegan,0
alhamdulillah tabrak ngeri sehat lindung bantu rakyat indonesia,0
waris proyek mangkrak cnbc indonesia,1
berita subianto rebut pengaruh,1
berita waris proyek mangkrak subianto cnbc indonesia,1
roundup kemeja garis hitam putih milik,2
presiden sepakat dukung,2
dukung,2
blok bodoh elektabilitas panik junjung aibon panik bohong ancam gagal nyapres koalisi bubar,1
tertawa tertawa bodol otak,1
orang nurut ngeyel miduk kasih kampa gratis kota samsat jawa untung dukung capres copot,2
turun rawan arogan,2
pimpin ulama,0
njir pungli kedok infak langkah,0
baliho ganggu pandang ngeliatnya orang mikirin pilem porno baliho wkwkwkwk,0
yaelah kadrun posting murah ramenya capres drun,0
woiii jahat kelamin presiden masyarakat trimedya efensi,0
materi kampanye,2
christine hakim baca puisi karno acara rawan,0
baihaki muka elektabilitas subianto angka persen susul persen baswedan angka persen,1
baju garis lurus desain,0
jend sudirman kenal kakek sugiono kenal kakek sugiono,2
rawan andil milu,2
capres dukung dukung amerika rawan indonesia mundur pilih bawa indonesia maju,1
milih baju dasar merah manchunian fans garis garis putih hitam jersey juventus juventini,2
immanuel ebenezer politik capres boneka boneka otak nonton konten porno gagas pimpin idealis gagas nkri,2
orang orang jawa alias titik,2
kilah situ ngambekan baliho gubernur kantor perintah daerah aman,2
nonton sejarah bagus dasar sosok jend sudirman khawatir mahasiswa mati akal korban politik mati akal sehat,2
baliho pasang nama menhan calon presiden diijinkan coba pasang baliho nama jateng diijinkan kandang orang hina,2
nampak presiden pikir selesai pikir gantung orang pimpin bangsa penuh,2
ramai pilpres buka telinga nyaring kasak kusuk dukung lari jabat presiden greng,0
geli lihat mimik,1
kota kalong kotor banget kaya awat sedih kuliah,2
lebih baik sule,1
capres,2
ulama,0
cerita pesan marah,0
ulama,1
galau,0
simbol coba janji pilih presiden target tangkap harun berani,1
bahas didik,2
mantap pakdhe coblos khawatir jawa timur jawa full menang,2
wanti wanti hasil tang pilpres,1
dukung otak partai sarang koruptor,0
link porno,2
tingkat,0
pakde gandos tanggap,2
sinyal kuat airlangga hartarto,0
politik dungu rakyat jelata bicara utus wakil,2
bentuk desa anti korupsi,0
purnawirawan polri keluarga jawa dukung baswedan pilpres suara gerus jateng calon pimpin gagas wawas geopolitik global boneka hidup,2
hadap rawan ikhlas pindah kamar belah,0
keren pakai rompi oren,1
paham,2
rapat pola kampanye beda kampanye desain tahan nazi batik casual suka olahraga desain kaya orang sakit lari jdinya sakit,0
syibolnya kotak menang tuju capai syimbolnya garis garis,2
beduke tabuh jalan panggil negara bangsa manusia putar,1
bagus,0
program selenggara jalan anggar sistem pelihara rehabilitasi rekonstruksi jalan pelihara kilometer rehabilitasi balai kelola jalan apbd,2
cocok langkah tuju komite sekolah alat kepala sekolah salur aspirasi orang wali murid,0
sapi busuk bongkar jarah miskin mental rakyat revolusi mental,0
baju kampanye garis lurus hitam putih desain makna,0
update caleg gagal copot kepala sekolah kepala dinas,1
kait urus politik tanah,1
aneh bobby tugas,0
urus cepat tindak,2
pimpin,1
pimpin,2
pimpin,0
pimpin,1
pimpin,0
pimpin,2
lupa hadap tolak internal partai clear jalan tantantangan,2
sehat slalu allah lancar aamiin,0
baju tempur nyalon evaluasi mega,2
jnganlah kasih lari mraton nusantara,2
program program aplikasi jalan cantik luncur puji warga aplikasi jalan cantik luncur gubernur jawa bukti efektif tangan jalan rusak keysia dingin tidur,1
njaar boneka manja baju,2
orang pungli bela tolol wkwkkwkw,0
pandang bulu orang dukung beliau adil salah pokok hati syaa allah pimpin beliau syaa allah indonesia maju kaki,1
bahas bangsa bwha,2
usut usut tiket capres ganti,1
kemeja simpan bakar malas make duduk,1
sayang respon gubernur jawa barat tindak laku curang terima didik jabar jateng memble mergo nyapres sabaaar nggih,0
temu puluh masyayikh habaib indonesia pondok pesantren anwar serang kabupaten rembang,2
cocok tahan korupsi,2
dangerous garis garis hancur waris hutang negri roket rakyat anak cucu cicit bayar nikmat super rich setan kapitalis garis garis mati kriminal demokrasi,2
milik visi misi langsung bangun indonesia emas masyarakat pimpin indonesia negara makmur aman sejahtera keysia dingin tidur,2
baliho turun suruh baliho lapor masyarakat turun erti beda netralitas,0
bahas bangun nusantara didik masyayikh habaib,1
donk kemeja garis lurus moga sukses pilih,1
poor,1
bowo tipe yabg dengar sperti tertawa pimpin jaman monolog,1
heran sakit hati ubun ubun jual nama allah luka hati orang jawa agenda pribadi jilat capres junjung tunggu balas tuhan balas orang jawa sakit hati,2
disain baju hitam putih selimut cawapres disain makna rejim partai komunis indonesia tinggal jejak hitam kelam putih hati nurani rakyat bajing pilih,1
survei capres cawapres juli elektabilitas capres,0
dadak mingkem piye,1
buzzer beda bilang kemeja warna hitam putih selimut bilang bina beda bina,1
nesu lapo duwe prestasi nesu,0
tinggal hahha,2
desa anti korupsi jateng bentuk dukung,2
hasil pimpin jateng cermin pimpin indobesia masyarakat pimpin nilai pimpin indonesia wujud visi indonesia emas keysia dingin tidur,1
masyarakat nilai percaya togak pimpin indonesia,2
masuk rawan kabinet potensi ganggu menang,0
umat islam ormas beda jaga toleransi berani bangun negara maju sejahtera adil,0
presiden indonesia tekan prinsip berbohonh korupsi komitmen,2
kalah hello,2
aplikasi jalan cantik luncur gubernur jateng puji apresiasi warga hadir aplikasi mudah masyarakat lapor cepat proses jalan rusak brillian keysia dingin tidur,1
bahagia pakai baju desain,1
aplikasi jalan cantik luncur puji warga lapor jalan rusak aplikasi jalan cantik respons cepat jalan cantik aplikasi milik perintah provinsi jawa keysia dingin tidur,0
hasil pimpin jateng periode cermin segenap prestasi kerja apresiasi lembaga menteri hasil pimpin jateng cermin pimpin indonesia keysia dingin tidur,1
agama bisnis radikal moderat musim milu bawa bawa agama tarik simpatisan fanatik agama kaya anggap imam mahdi turun nabi,1
serang kubu tenggelam,2
tingkat lucu aldi taher,0
mensupport,1
baliho turun dukung baliho puja,0
survei capres pilih milenial,0
riset jalan kabupaten bupati action rakyat gubernur gitu dukung,2
capres presiden rasyid baswedan,2
partai ahok tenggelam tenggelam kampanye media sosial,2
daftar pakde mimpi manuver urusin koalisi daftar cari capresnya rumit,1
semangat juang rakyat,0
jenderal andika perkasa calon damping gatot,0
membutuhkam pimpin,1
silaturahmi rawan dukung kumandang gera garis lurus merdeka,1
maksud bicara karya orang bhaa bhaa,2
perhati banget,1
stadion apung awan bangun menang tonton stadion langit bangun indonesia hebat sodara sodara pilih berame ramai,1
dukung legitimasi dukung dukung mantan dukung nyaman orang ambang klaim dukung coba konyol,1
moga sandi terima cawapres,2
hehehe kwalitas budiman coba nyalon kepala daerah dikelahiranya,1
sidang ektp,2
ndoroh lihat citra suara coba,2
djokowi djokowi dukung allah rakyat menang,0
wajar kemenhan hahahaha halya pasang sepanduk baliho wilayah gubenurnya diributin capres partai blom resmi daftar hahahaha,0
alhamdulillqh,1
juli suro manut pilih dukung dukung suara,2
maaf heboh ngebet nyopras nyapres beliau layak presiden,0
pudel rajin kaing,1
pilih,2
tumben jawa coba kali sumatra semangkin kenal,1
oposan gerah usaha elektabilitas anis buncit,0
presiden mampus imam cabul,1
disain baju hitam putih selimut cawapres disain makna rejim partai komunis indonesia tinggal jejak hitam kelam putih hati nurani rakyat bajing pilih,2
selamat pagi selamat nusantara selamat jalan aktivitas moga maha kuasa lindung lancar urus lupa panjat bacapres presiden aamiin,0
dukung kans menang,1
pudel kaing,1
habib,1
buang buang energi orang jawa bilang muspro dukung bukti rekam jejak prestasi moga allah ubah indonesia integritas adil indonesia,0
fenomenal rakyat jelata asli turun,0
justeru jilat scra langsung mbuka borok bkta mbuat kemiskan jateng turun maksud miskin jateng turun anak cucu waris anak cucu bgtu,1
imigran resah,0
copot cari simpati guru pungli copot cari simpati nyapres gubenur periode gebrak jembatan timbang dishub pilpres,1
disain baju hitam putih cawapres disain makna rejim partai komunis indonesia jejak hitam kelam putih hati nurani rakyat bajing pilih,1
program presiden indonesia kaki,1
misi hasil lapor hasto,1
umara damping ulama,0
bahaya loyalis,1
iring jalan,1
estafet pimpin presiden,2
layak pimpin indonesia,0
rezim orba kerja program,1
dukung jngn bully sdng kecamuk dada moga bijak hadap sedih,1
harap,1
peduli sident,2
mistery mahoni monas ahlivsulap,1
terima logika indonesia maju cocok visit misi bangsa rakyat bravo budiman,0
pimpin ulama mantap,1
tipe pimpin paham indonesia dukung presiden indonesia,2
erickthohirnews erick thohir damping bangkitbersamaet,2
hati goreng antek komunis kait copot baliho antek komunis domba bravo libas antek komunis berani nongol sejarah,0
pergi pergi tangis semangat,1
medan sera baliho protes,1
ajak rawan ikhlas pindah kamar gerbong dukung politik konteks gernbong dukung politik dukung menang kali pilpres,1
layak presiden,2
sukses gubernur jawa beliau sukses presiden indonesia,0
layak presiden,0
layak presiden,2
layak presiden,1
sosok pimpin presiden,0
komitmen dukung,0
jenderal sudirman guru agama pembokep,0
juang pilih pasang opsi biaya pilpres murah kualitas,0
tanda dukung harap jatah menteri,0
prestasi,1
hitam hitam putih putih hitam putih,0
presiden mandela klerk presiden presiden menhan,2
kemarin dukung tunggu,0
jujur keli memalujan motif kesan nendang kreatif sooor,2
berani irama pilih cermin sikap temperamental mental mental jilat modal jilat,1
foto baju garis garis hitam putih seragam tempur,2
kontribusi bantu perhati masyarakat bukti sepenuh manfaat,2
apresiasi gigih konsistensi bina koperasi indonesia moga maju sukses koperasi koperasi tanah,1
latar milik milik sifat sederhana paham arti juang sederhana erat kait masyarakat,2
gilaklo kelas suruh cawapresnya pikir hebat,1
nyobain kakanya,0
putra bangsa maju sbagai capres sega perspektif dukung milu sbgi sarana daulat senang gembira,2
citra kejam semena mena bodoh pecat orang kepala sekolah kepala sekolah indonesia culas bahaya,2
tenang,1
buruk,0
percaya maju capres dukung,0
hahaha lebar akhir sudut langsung bilang pilih repot,2
kerja aktif sibuk bahas rawan,1
berisik,2
halang rabas,2
spanduk baliho pasang komplek militer pergi baliho pergi alas jaga netralitas,2
fitnah sinting buzzer galau stres lindung harta cendana buzzer bohong fitnah kelompok jahat partai komunis indonesia moga kelak basmi,0
bentuk tujuh hary tanoe indikasi beliau dukung presiden presiden cawe pilpres presiden cawe pilpres bingung logika,2
nerusin utang korupsi zalim smua program ubah negara dukung,2
menhan kali poster baliho pemprov jateng copot blok,1
basmi korupsi basmi otak serakah jiwa agama tangan hasil kotor hidup tipu hati arti hidup dunia halal haram politik,2
rakyat kades gampang urus kades rakyat rakyat mantan dukung anis,0
misi sujatmika capres cawapres putar pilpres selesai hemat biaya milu puluh trilyun moga sukses,1
baju kampanye komentar mardani berani,0
hitam putih desain khusus presiden joko widodo hitam putih orang sikap putus sulit pilih hitam putih,0
president laki dewasa knapa disatuin niat tulus ngelanjutin program pakai strategi soft bunglon strategi hard pakai gagal,0
tugas orang bantu menang pilpres presiden presiden cawe pilpres aneh logika,0
ragu program hilir prabowi meloby investor internasional,0
pilih,1
nape orang,2
partai teguh prinsip mustahil putus ketua capres takut alas ubah wapres karakter,2
ruhut percaya cemana sabar ganti cepat,2
bjir dunia kalaw,1
visa inovative atur partai minum bilang suruh kokowi habis makan minum,2
presiden tragedi kanjuruhan catat kelam dunia sepak bola aremania aremanita korban tewas batal tuan rumah pildun tolak politis koster wajar bangun stadion menang,2
survei hasil dukung suara komitmen bijak,0
hibur periode gubernur jawa banjir jalan rusak nyapres dibenerin pilih bodoh nama tugas partai,0
beda akhlak dasar beda,0
setia pilih,1
pgri tindak ngajukan surat mambatalkan laku upaya hukum ptun sekolah alat citra,2
informasi orang kelar,2
suara nyaring merdu baca ayat imam sholr zuhur ashar,2
mbak anis presiden pengaruh jaman,2
waris proyek mangkrak cnbc indonesia,1
pamer baju kampanye garis hitam putih rawan detiknews,0
berita sandiaga ajak subianto tamasya danau toba,1
berita waris proyek mangkrak subianto cnbc indonesia,2
berita pamer baju kampanye garis hitam putih rawan subianto detiknews,1
hitam jahat tolak putih pilih simbol baju hitam putih dukung,2
bawaslu usut baliho capres copot anggota kalteng,2
tuhan bumi allah takdir hamba sesuai kadar usaha insya allah dukung jemput takdir allah presiden indonesia,0
nonton porno wowww akun nkri tonton porno anak partai komunis indonesia hhhhhhhh,1
partai banteng tugas partai bareng uban suruh emak banteng logika presiden banteng kuasa cuiiihh,0
kualitas trimedya efendi mbelgedhes,2
tuju,2
hendra salah tokoh inisiasi rawan dukung capres nama rumpun desa garuda,1
dukung kader wkwkwwkk ampa,2
usut tolol daerah timses,2
senang bicarain doang lelah saudara laki suruh cari kesalahannye versi asli pura pura pinter,2
probowo donk,2
giring berani support enggalah akhir,2
dukung,1
bawaslu milik,0
lanjur onani dengerin arah,1
main sanksi bumerang tutup guru jateng benci pilih,1
dokter bicara klenik dokter otak pikir sehat stres ngurusin jilbab pajang doang,1
politik pandang taktis strategis moga menang,0
erickthohirnews erick thohir jalin komunikasi bangkitbersamaet,0
kali tuju jateng masuk provinsi miskin kasiam orang bayar biaya sekolah,0
pimpin gagal jateng masuk urut propinsi miskin indonesia cerita presiden pilih jatu miskin,0
sungguh harap serba efisien efisien biaya menang putar efisien visi misi program komitmen program mudah ramu kabinet kerja,1
tuan rakyat rakyat perintah ketua bilang tugas partai,1
sontoloyo,1
surveyor tantang menyakinkan public sulit percaya public public apatis survei capres sosok unggul,0
kaya indonesia roket,1
sono banggain kakek haaa koordinasi inten,0
data muncul jateng propensi miskin gagal,0
cegah kuasa,1
aduh main politik anak muda malu coba capres koalisi partai pilih menang hebat,1
korban derita nasional pilih asazi pikir presiden rakyat adil hasil usaha kaya indonesi mahfud juta kepala,2
dukung liar,1
sumpah lihat kocak besok ganti tuan tuhan,2
nilai jual prestasi fakta jateng periode hasil buzzerp kawan tempurung share berita harga prestasi harga jateng inibmuncul harga nyapre rakyat nilai,2
anis pilih jatu miskin,1
baju kampanye cerah berani,0
silaturrahmi majelis fatayat kabupaten pasuruan bantu mineral botol,1
silaturrahmi majelis fatayat kabupaten pasuruan bantu mineral botol,0
usung enak probowo ngusung parabowo enak partai,2
siip,0
beda jujur pakai simpatisan bayar milih jujur,0
indonesia panggil jahat kelamin,1
ajar copot baliho rawan hati hati,2
hebat maaih design baju,0
moderasi laku bangsa indonesia,1
cari sosok ilusi mimpi terombang ambing bantal guling sosok obrol amies wapres bursa muncul lepas jalan pola musmar amien tmbhkn,1
masak abud jiahhhh nehiii,1
menang harga mati,0
libat allah samar dengki harap raih menang pilpres bela capres dukung rekam jejak presiden gabener presiden,1
selamat jilat liur basi nikmat politik dukung orang jujur,1
bagus kunjung kunjung danau toba sandi,1
pakai dinas kampanye,0
keren,1
dokter calon huni neraka celaka syuro hubung calon presiden saking benci konten serang capres dukung miris gelar dokter kepala,1
senior budiman anggap kaum nasionalis,1
selamat jilat liur nikmat hiram putih,2
dukung bubaaarrr bubar bubar bubar sadar kaum waris paham partai komunis indonesia boneka,1
jendral sudirman main tiktok apalgi hobby nonton,2
model ginian cegah solidaritas hidup hidup saudara teman,0
nasionalis rapat kaum khilafah syariah pilih pilpres putus henti gera syariah rusak budaya nusantara pilih wafres amin maruf habis uang rakyat,1
pilih,1
fans fans suka pakai nalar dukung,2
full pidato gagas rakernas apeksi,0
suka porno,0
sumatera utara silaturahmi sere selasih,1
jual agama basi laku capres haji,0
presiden senantiasa hati sosok bentuk ragu presiden,2
tempel dukung rakyat indonesia bayang rakyat simpati,0
tarik putar,0
orang tokoh partai suka kemeja garis hitam putih pilih kemeja garis hitam putih hitam putih makna sikap politik,0
kerja bicara doang coba lihat wawancara orang bahasa puja model buta penganguran malas kerja duit salah perintah,2
ulama,0
antikorupsi,2
pimpin cerdas,1
jateng berkat,1
agama agama agama sesat,0
sosok pimpin,2
data jawa rakyat jawa bahagia bilang pabrik semen dukung bangun butuh pabrik semen jakarta fakta kerja,1
temu silaturahmi masyayikh indonesia pondok pesantren anwar rembang temu balut kental saudara hadir ulama kharismatik wakil indonesia habieb gadungan,0
wkwkwk kemarin trimed efendi sapa diboongin lembaga survey bagaimana cerita lejit,1
elmen komponen dukung capres pabowo bingung pintu hati rakyat tutup total alias menang lawan,0
kemeja garis hitam putih warna hitam putih orang sakit bilang hitam campur putih warna hitam putih khawatir kemeja garis hitam garis putih,0
kemarin dukung tunggu arah,0
mantan panglima andika perkasa dukung,2
mantan panglima andika perkasa dukung,2
orang tokoh partai suka kemeja garis hitam putih kemeja garis hitam putih hitam putih makna sikap politik,2
bandingin imbang tahap pimpin jawa baswedan pimpin tahap jakarta tahap lumayan ubah banding prestasi international ngalahin,1
dukung,0
dukung,2
dukung,0
dukung,1
dukung,1
dukung,1
pesan khusus,2
mantap,0
berani ngincer bocil bicara,1
politik wayang kulit timses megaprabowo menag bicara bicara latarbelakang hilang bumi capres kalah bicara bicara latar senjata utama bgaimn jatah,2
alam prestasi dukung banding anggap layak mejadi presiden,0
titip pesan,0
mantan panglima andika perkasa dukung,0
profesional mafia gabjar mafia mafia tambang nikel,0
malu gelar tertawa,0
kesal lihat muka,0
rakyat moga amanah pimpin bangsa indonesia,1
rakyat moga amanah pimpin bangsa indonesia,0
rakyat moga amanah pimpin bangsa indonesia,2
kristen ortodoks islam pakai mantila kerudung hijab islam,2
rakyat moga amanah pimpin bangsa indonesia,1
endorse capres wakil rakyat tohok,0
jokowow takut kompetisi sehat lawan kecut,2
jokowow takut kompetisi sehat lawan kecut,2
orang geer riza bangke barusan,2
mutual suka sara orang agama nerima komenan lgsung stalk spam komentar akun orang ngurusin orang makan babi,2
masyarakat nilai sosok percaya pimpin negara indonesia,1
masyarakat nilai sosok percaya pimpin negara indonesia,2
masyarakat nilai sosok percaya pimpin negara indonesia,0
turun baliho muslim arbi rakyat sekjen,1
keren baju,2
indonesia,2
desa anti korupsi jateng bentuk dukung,0
mimpi menang peluang,2
orang jujur laku beda bilang suka nonton gitu salah laki dewasa bekeluarga pecat hormat,2
politik wayang kulit timses megaprabowo menag bicara bicara latarbelakang hilang bumi capres kalah bicara bicara latar senjata utama bgaimn jatah,0
baju kemeja booming moga mahal,1
kasih lihat pikir cerdas dungu beliau tunggal presiden,2
politik wayang kulit timses megaprabowo menag bicara bicara latarbelakang hilang bumi capres kalah bicara bicara latar senjata utama bgaimn jatah,0
tuju,0
wadas clear ketua tolak wadas untung milyar,1
politik wayang kulit timses megaprabowo menag bicara bicara latarbelakang hilang bumi capres kalah bicara bicara latar senjata utama bgaimn jatah,0
umur pensiun presiden,2
tertawa tertawa tertawa tertawa ketawa bahak bahak simpati tokoh aceh jamin rakyat aceh tunduk tokoh aceh simpati lantas partai merah menang dukung,0
onene sesat pecah kristen,0
bodoh pelihara asuuoo,0
nama habib tutup rezeki orang,1
tabik terima kasih gubernur jawa supportnya kabupaten sawar bumi andan jejama juli genap usia bupati sawar dendi ramadhona,0
muncul nama surver pilpres baswedan agus harimurti yudhoyono subianto airlangga hartarto,1
saing elektabilitas,1
jateng,1
pokok,1
tradisi kirab malam suro rabu malam nguri tradisi simbol kultur agama,0
sehat,1
ngotorjn hastag berbi,2
moga bacapres program,2
bahan lengkap puja kerang ajaib terima gampang banding jago performa lari doang bilang banjir dipantura bilang wako janji nuntaskan banjir semarang bicara,2
sara cepuin kerja wkwkkwwk,1
kabar update rawan andil milu,0
puluh masyayikh habaib kumpul pondok pesantren anwar dialog,0
coba kasih gambar andai deklarasi capres batas pencapresan,0
dukung media sosial huni akun,0
norak spam komen postingan orang bodoh bale spam spam anjing,2
hahahaaa pildun serang,1
ngrasake ngene kakak perempuan,1
baliho tutup milik politikus gerindra copot times,0
kntl keras stalk postingan orang spam gara gara terima opini tertawa blokir mention salah kntl spam anjing norak norak norak banget jing,2
dukung pokokke,1
pakai kemeja motif garis hitam putih desain,1
syiah,1
usut usut tiket capres ganti,1
wkwkwkkw obse edisi,2
netral,0
salah cepat deklarasi presiden andai main batas calon menang milu,0
budiman sujatmiko temu lemah citra media sosial gagal miskin brebes bagaimana urus indonesia brkta mnykai video amoral ambisi nyapres jilat partai boneka,0
usut usut tiket capres ganti,1
anis,0
akibat porno,1
sara banget anjeng janji demo monas,1
nulis survey tinggal presiden,1
orang,2
moga kabul jahat kelamin baju tahan,0
kasih delo,1
tolak lupa sekjen nyinyir bicara jejak jejak bongkar sekjen diam,0
lawan economic sanction indonesia bangkrut cepat coba pikir pakai data retorika kosong orang kampung hebat butuh butuh,1
waris proyek mangrak cnbc indonesia,1
abah leung newjeans,0
berita sandiaga ajak subianto tamasya danau toba,0
makan babi,1
berita waris proyek mangrak subianto cnbc indonesia,0
terima malas orang kaya incer susah orang kaya,1
pesan filosofi garis lurus hitam putih karakter pilih lurus setia muter muter kaki beda erti kaki,1
kalah beda alir pecah,0
sangking prestasi endors presiden,1
foto baliho menhan judul baliho ngaco nich,0
saran giat comprehend film oppenheimer bobot baca american prometheus ajar sejarah kembang fisika ajar sejarah nonton video veritasium,0
bukti serius dukung,1
dukung,1
bukti serius dukung,1
dukung,0
maaf salfok wajah mario dandy,0
bengok lihat tanggal usung tanggal april berani nyinyir,1
elah politik gitu bersebrangan beda poros sikut sikut sirkel peluk peluk percaya oposisi buzzer genjatan senjata,1
bahas bangsa masyayikh indonesia hadir baha,1
peduli bangun bangsa indonesia,1
ulama cinta masyarakat,1
sosok pimpin hebat milik berani pilih rakyat isya vale sisca lupa makan anna barbie oppenheimer suzy freya lombok yeonjun marlo hobi suchwita take domination margot robbie yoona,0
rawan pilih wilayah basis,0
presiden indonesia isya vale sisca lupa makan anna barbie oppenheimer suzy freya lombok yeonjun marlo hobi suchwita take domination margot robbie yoona,1
perhati wilayanya gubnur,2
elektabilitas nyungsep piye,2
kasihan sekjen bilang gimmik jejak langsung partai bongkar partai,0
malu jang kirim gitu ngerendahin,1
tingkat jateng,2
kiat kelola kembang desa wisata wali kota jajar perintah kota pariaman freya sisca lupa makan suchwita cabe isya congratulations vale yeonjun hobi suzy cakra jaehyun barbie,1
miris,0
tertawa,0
baju kampanye cerah berani,0
blusukan revitalisasi pasar wonolopo hasil freya sisca lupa makan suchwita cabe isya congratulations vale yeonjun hobi suzy cakra jaehyun barbie,0
alir wajar dajjal embat habis,1
ajak jurkam muda menang cipta milu gembira damai penuh cinta,2
revitalisasi pasar anggar miliar pimpin rakyat freya sisca lupa makan suchwita cabe isya congratulations vale yeonjun hobi suzy cakra jaehyun barbie,0
paham kristen ortodoks muncul ngedukung olah wajar,2
sayang jejak digital sekjen bilang gimik,0
gelombang dukung generasi milenial wujud bonus demografi kualitas freya sisca lupa makan suchwita cabe isya congratulations vale yeonjun hobi suzy cakra jaehyun barbie,2
presiden wakil,1
presiden wakil,0
survei capres pilpres milenial rapat isya barbie sisca lupa makan vale suzy oppenheimer freya suchwita marlo hobi yeonjun jaehyun,0
ngoceh data dukung tolol,0
pimpin ulama,0
pimpin ulama,0
elektabilitas saing ketat urut,1
jabat jabat kampanye duluan libur sabtu minggu buln,0
hmmm cawapres prabowodua kandidat pilprea seru hemattt uang negara,0
mantap dukung,1
deklarasi deklarasi ulang kamar yenny,2
inovasi,0
tingkat jateng,1
sosok kerja keras inovasi,1
sosok anti korupsi bukti jateng dukung penuh,0
anti israel edan,0
orang cari celah salah manusia binatang erti bahasa manusia pasang balihonye rumah usilin,0
milenial genz,1
anti israel profesional israel,1
bicara,1
anti israel profesional israel khianat,1
indonesia bangkit,0
islam orang hindu hindu maksa orang agama,0
ragu milih,2
masyayikh habaib indonesia momen sejarah pondok pesantren anwar sarang rembang,2
nonton ngejudge moga kakak ajar orang sakit baca tweet kakak,2
sehat,2
teriak kadrun sial dukung alir sial malu bunuh layak terima maaf ampun paham milik surga menentuka orang ampunin,0
presiden,1
nilai objektif pangliam andika isya sisca lupa makan barbie anna hobi suzy freya oppenheimer lombok mario vale suchwita yoona gose beek,2
semangat,1
tetangga kulo kena kena gaamau surat rumah sakit lapor kades bingung surat,0
jago,0
maju pimpin indonesia negara maju,0
kaget ketemu anak psikologi tertawa,1
beli nyindir beli tidur miring iler,2
sehat rakyat indonesia,1
silaturahmi masyayikh indonesia pondok pesantren anwar rembang,0
indonesia jaya tang,0
tokoh cocok erick thohir erick thohir irama inovatif gerak cepat prestasi erick hasil raih prestasi jabat menteri bumn,2
milik atiqoh milik rakyat indonesia,0
nyapres tolak proposal wapres,2
deklarasi maling proyek anis kliling pakai pakai kaki bilang alat transportasi kaki,0
masyayikh habaib indonesia,2
bicara hilir nikel bukti mantu bobby acara apeksi malu,0
what orang shame gelar toleransi hormat look dumb googling telaah bangga bodoh psikologi diajarin judgemental dosen ngajarinnya gitu gatau simpang,1
erickthohirnews erick thohir cawapres dorong bangkitbersamaet,1
rencana indonesia maju,1
banyak bicara rekam jejak bangun spektakuler,0
pimpin ulama,1
bahas bangsa masyayikh indonesia,0
puluh masyayikh kumpul pondok pesantren anwa sarang rembang temu tajuk silaturahmi masysyikh indonesia hadir gubernur jawa,0
yohanies kunci sayur paloh tinggal nasdem murni oposiai mati kampanye tinggal kandidat,1
bahas didik bangun nusantara,0
prediksi milu presiden menang putar putar kalah menang pilpres lawan,1
inovasi best,1
rilis baju garis hitam putih kampanye isya anna vale freya,1
komitmen program,1
pimpin ulama,0
jual namajokowi megawati soekarno,1
tekan prinsip mboten ngapusi mboten korupsi,1
pimpin ulama,2
ahok kotak kotak garis garis insha alloh tumbang bismillah presiden,1
buzzer,1
ijin orang gimmik capres lucu batal kontrak erick tohir capres bawa nama suara rakyat bgtu politik kuas,0
masyarakat nilai percaya,0
desa antikorupsi jateng bentuk dukung,0
presiden mentor perintah,1
copot baliho muara teweh kalteng marah,0
dukung jujur bunglon keliar garis tegak lurus hati abdi negeri kusut lurus putih hati penuh jujur bunglon,2
tingkat jateng,1
rakyat presiden drun minggat yaman buru,1
langsung semangat dukung,1
rawan jokowi bubar contoh bayar gaji rawan uang pribadi jokowi lenser audit bayar gaji rawan ambil uang,1
presiden,1
buka google cari model seragam pakai jahat pakai organisasi ekstrim dunia seragam pakai resmi saran,1
arah,1
bismillah milik,2
masuk rawan kabinet potensi ganggu menang,1
kalang cinta,1
pasang airlangga hartarto,1
baju desain ciri khas rawan dukung desain baju capres sunti semangat juang rawan kadrun,0
baju peduli,2
mantap orang peduli beliau,0
sosok pemimpinyang ulama,1
bahas bangsa masyayikh indonesia hadir baha,1
pimpin ulama,1
bahas bangun nusantara didik masyayikh habaib indonesia,1
masyayikh habaib indonesia,1
komunikasi kadang kadang lumrah,2
bahas bangsa masyayikh indonesia hadir baha,1
pilih bilamana lengser aman ngutak ngatik timpa,1
tegak lurus pesan sirat unsur jebak calon lemah lelucon pilih selamat lengser,1
umur maaf banget keti beranta pusing baca,2
wkwkwk bicara bagus dukung bodat tinggal balas susah gila,0
tuju pilih baju hitam putih,1
pimpin ulama,2
sembah otak porno junjung,1
pokoke presidene coblos,1
jurkam kampanye ngok,1
agama pakai hijab agama islam bentuk,2
tuding intimidasi letkol purwoko perintah copot baliho,0
masyayikh habaib indonesia,0
cieee cemberut cieee marah cieee terima pilih orang cieee takut ditinggalin,0
presiden anis kerja catat,0
zulkifli hasan ketua dorong rencana erick,0
paham ketik informasi kristen ortodoks islam pakai tutup gitu,2
milenial bicara gitu milenial jilat cicik gitu jend sudirman taruh nyawa ngusir jajah prestasi bangga salah lihat bokeb,2
biarin urus tuhan,0
malu dukung setre,2
jijik astaga,0
nolak israellll njing bodoh anjing,1
kenal kemeja garis hitam putih baju kampanye rawan,0
mohon ekor keoriginalan dukung telujuk president haayuuuu,2
bahas bangun nusantara didik masyayikh habaib indoensia pondok pesantren anwar rembang jawa,0
bahas bangun nusantara didik masyayikh habaib indoensia pondok pesantren anwar rembang jawa,0
pimpin ulama,0
bahas bangsa masyayikh indonesia hadir baha,0
direktur eksekutif charta politik yunarto wijaya desain baju kampanye,2
serah andal tulis menhan baliho ganti gubernur jateng copot bongkar nyebut capres kampanye,0
tanggap nama nama juru kampanye kalang muda putra tunggal muhammad zinadine alam alam gibran,0
bahas didik bangun nusantara,0
pesan khusus presiden,0
serah andal argumen tulis menhan unsur kampanye ganti baliho ganti tulis gubernur jateng copot bongkar nyebut capres unsur kampanye,0
semangat anti korupsi,1
ttap belah noolll,2
progam sekolah gratis,1
tingkat jateng program smkn gratis siswa,2
wali kota solo gibran rakabuming raka kesiap juru kampanye usung calon presiden capres pilih presiden pilpres,2
presiden mentor perintah,0
desa natikorupsi jateng bentuk dukung,0
tekan prinsip bohong korupsi,0
tonggak pimpin indonesia,0
rang korupsi,1
kader indonesia coba lihat baliho pasang jokowi soekarno megawati lupa tumpang butuh kendara,0
tanggap nama nama juru kampanye kalang muda putra tunggal muhammad zinadine alam alam gibran,2
program kawal pimpin,1
tekan prinsip komitmen anti korupsi,1
baca berita drun jurkam,1
gibran walikota solo bobby nasution walikota medan kaesang dorong walikota depok cawe cawe subianto menhan capres capres,0
netral,0
tingkat jateng,1
airlangga mantab,0
hasil survei capres unggul,2
masyarakat nilai percaya tonggak pimpin indonesia,0
serah andal tulis menhan baliho ganti gubernur jateng copot bongkar nyebut capres kampanye,0
wali kota solo gibran rakabuming raka kesiap juru kampanye usung calon presiden capres pilih presiden pilpres,1
pool tegak lurus nasinalis danberani,1
mantap,1
desa antikorupsi jateng bentuk dukung,0
inovasi,0
presiden mentor perintah,2
tingkat jateng,0
heii budiman lawan dukung dukung pimpin nkri,2
kader level presiden sirat surat trimedya efendi simbolon budiman sudjatmiko kampanye orang kualitas buzzer tahan malu,2
selamat malam salam,0
perhati bukti pilih hati hitam putih simbol rawan sikap pilih dukung gambar sifat tegak lurus konsisten nkri pancasila,2
cocok bacawapres,0
tanggap nama nama juru kampanye kalang muda putra tunggal muhammad zinadine alam alam gibran,1
bursa cawapres nama kerucut kode andika perkasa hasil survei,1
wali kota solo gibran rakabuming raka kesiap juru kampanye usung calon presiden capres pilih presiden pilpres,1
orang derita semena prinsip,0
kiat kelola kembang desa wisata wali kota jajar perintah kota pariaman barbie brics freya oppenheimer anna lombok marlo vale suzy margot robbie beek harry styles london cakra hobi,0
percaya,1
beda kelas langit bumi,0
pilih capres bangun program presiden pimpin muda good looking energetik sabar rakyat sosok suami ayah keluarga pokok,2
selamat islam,0
manfaat momentum renung jalan hidup upaya kuat iman limpah syukur nikmat,2
giftnya dukung dungu bicara kasih bukti terima ciri dukung bobot,0
inovasi best,0
blusukan revitalisasi pasar wonolopo hasil terima kasih barbie brics freya oppenheimer anna lombok marlo vale suzy margot robbie beek harry styles london cakra hobi,0
langkah arah wujud hormat harga,0
revitalisasi pasar anggar miliar pimpin rakyat barbie brics freya oppenheimer anna lombok marlo vale suzy margot robbie beek harry styles london cakra hobi,0
wasalah warna pulang pergi otak otak otak bokeh,1
kalah star dahhh bingung nihh tetangga pilih pakai baju ciri khas dukung kota milik hitam putih milik orange warna pelangi,2
program kawal,0
gelombang dukung generasi milenial wujud bonus demografi kualitas barbie brics freya oppenheimer anna lombok marlo vale suzy margot robbie beek harry styles london cakra hobi,1
program kawal,1
program kawal,2
ngejar sensasi pikir efek timbul,1
cincong inti calon sibuk hapus jejak,1
survei capres pilpres milenial rapat barbie brics freya oppenheimer anna lombok marlo vale suzy margot robbie beek harry styles london cakra hobi,1
strategi elektabilitas suara pilih otomatis milu putar situ kalah putar,1
kasih dech,1
pandawa gelar kompetisi bulu tangkis anak muda kalimantan,0
enak,1
jleb banget pesann design baju hitam putih berani hitam putih sikap putus generasi hitam putih generasi,1
trimedya panjaitan berani mbacot resmi usung,2
jakarta bukti maju pimpin beliau jakarta insyaallah indonesia pilih monggo pilih,0
warga kota semarang kompak dukung baswedan presiden fakta suara hati nurani suara rakyat beli suara tulus pimpin amanah lihat video rusaknyakeadilann,2
orang cari umat kaya sosmed pakai hijab orang islam,0
capres gagas puji langit capres indonesia nilai jual jual nama,1
resmi posko presiden kader surabaya dicurhati jalan kampung rusak posko posko calon presiden usung juang,1
bukit algoritma mangkrak jaman lanjutin fokus,0
berat dukung lbih salut dukung seprti staff muchlsin dukung cacing kepansan,1
olah kristen hijab paham ajar munculah kristen ortodoks ajar paham beda hijab hijab paham malas orang sakit kaya,1
setlh simbolon budiman puji trimedia panjaitan prestasi kalah pilpres,0
bgus nonton,2
gibran rakabuming raka muhammad zinedine alam jurkam capres cicit karno pinka hapsari kader merah putih partai koalisi rawan smua latih khusus jurkam khusus mantap,0
pandawa gelar kompetisi badminton pemuda kalimantan jakarta,1
baliho copot tentara silah copot,1
megawati kalah pilpres sikap realistis levelny presiden wajar bliau rela tugas cawapres imin rela aroma durian hembus kencang,2
ngeri,2
terima percaya indo agama resmi terima anggap salah kristen ortodoks wikipedia gereja kemenag dasar kilometer bilang cari perhati kepedean abang,1
dukung dukung dukung dukung logika,1
maksud dukung capres didesainin baju,1
yesus allah kristen kristen konsep tritunggal allah bapa allah putera allah kudus cari perhati,1
hitam putih berani hitam putih sikap putus pesan presiden kuat juang desain baju garis garis hitam putih,0
kasih bukti dukung dungu,0
orang muda riau hallo sobat muda indonesia orang muda support umkm riau orang muda berani politik basa basi,1
bukit algoritma mangkrak jaman lanjutin fokus,1
dejavu baju kotak pilih kepala daerah dejavu simbol kalah kwkwkwkk langsung sekat garis anak bangsa baju garis kelompok politik identitas lwat pakai kwkww,1
lapor,1
untung tonton bioskop bawa anak sesuai umur bioskop berani larang,2
terang beda terang diskusi laku selesai terang tulis baca,0
kristen ortodoks lihat syar kejang kali,0
hitam putih baju indentitas kampanye hitam putih makna hitam putih sikap sikap politik,1
orang muda riau hallo sobat muda indonesia orang muda selamat islam muharram orang muda berani politik basa basi,1
hitam putih berani hitam putih sikap putus pesan presiden kuat juang desain baju garis garis hitam putih,0
nyata tolak alumni unpad pencapresan lihat video,0
dukung presiden,1
presiden dukung pilpres,1
rakyat cinta rakyat dukung presiden,1
move pilih presiden pilih hati,1
presiden sembarang design baju kemeja garis lurus hitam putih kemeja filosofi makna kemeja cermin skkap politik berani,0
nonton blok orang report akun,1
inovasi best,1
ahok wakil,0
tanggap nama nama juru kampanye kalang muda putra tunggal muhammad zinadine alam alam gibran,2
halo tlong buzzer lepas sgera balikin kantong kresek terima kasih,1
tinjau langsung lokasi celaka kereta brantas kawasan madukoro semarang malam apresiasi sigap dirut jajar polisi harap kondisi jembatan fungsi,2
ptran anis ptran peluang suara anis masuk menang anis peluang suara masuk menang njegal anis menang gitu,2
presiden dukung pilpres,0
dukung,1
presiden dukung presiden,2
dukung milenial presiden dukung pilpres,1
bahan baju hahahahah,1
baliho konten baliho substansi pasang baliho menteri menteri beda capres jabat gubernur,0
puji anulir capres pindah dilepeh hoeek cuiih,1
ubah warna pesawat presiden moncong merah jahat kelamin ganti warna pesawat presiden garis kotak hitam putih nich,1
wali kota solo gibran rakabuming raka kesiap juru kampanye usung calon presiden capres pilih presiden pilpres,1
orang dongoooo ngebacot sperti pling media sosial otak waras banget gila fans sperti sembah berhala beda jend sudirman notabenya sipil pusing besok bertwt aach,0
nyet bagus dukung dungu,1
jijik orng kristen ortodoks lihat orng kristen ortodoks arab pakai syair shock kali,1
hancur negara presiden wapres simpul cinta bahasa ribu cundang,0
beda mbak belang horizontal pakai belang vertikal,1
hadir silaturahmi masyayikh indonesia pondok pesantren anwar rembang energi masyayikh silaturahmi usia kuat juang,0
politik capai tuju dukung,2
giat kanvasing silaturahmi sulteng yayasan madrasah aljufri palu laksana sabtu juli,1
baliho baliho capres baliho menteri tahan copot baliho tulis jateng,0
erickthohirnews erick thohir bahas stunting publik respons positif sindonews bangkitbersamaet,1
pilih pilih politik,2
pimpin ulama,2
pimpin ulama,2
mohon responnya langsung pantau giat laki dewasa surakarta kait daftar ulang mahal juta fasilitas tindak kepala sekolah murid mogok sekolah,1
masyayikh habaib,1
budiman laku sejarah damai maaf lupa lantas rawan mesti bakar jenggot kali pidato hilang benci patuh,2
masyayikh habaib,1
padahl tagar politik urus petinggi partai,0
masyayikh habaib,1
sikap cenderung dominan kuasa yidak nisa percaya langkah sikit sikit letoy gentlemen tugas kena jebak betmen,1
commit undang undang tuntas bangun london freya suzy gaco hobi barbie brics cakra anna,1
mohon maaf hormat kait sekolah alumni laki dewasa surakarta adik sekolah situ mohon pantau giat laki dewasa surakarta kisruh kait daftar ulang,1
bengokk orang setre tinggal check profil dukung dukung wowok dukung,1
anis warbysa,1
motor kenasikat,0
garis hitam putih bentuk putus alias ragu deklarasi sbagai capres pilih beliau,0
mumpuni diendorse,2
juang,2
copot kepala smkn sale rembang buntut pungli kedok infak kang jawa barat dikirimin lapor cicing sbnarnya sman gratis bayar sidaklah negeri bogor,1
peduli,1
pimpin rakyat,1
masyarakat,0
bicara bahasa inggris plonga plongo diplomasi dunia internasional,1
diskus lepas legah keluh rakyat,1
keren,2
inspirasi generasi muda indonesia,0
dukung indonesia,1
sosok butuh indonesia,1
erick thohir potensi geser sandiaga cawapres,1
pimpin,1
ganteng cuco meong,2
menang rakyat senang,1
kualitas banding,0
komunis china,2
sabar gubernur telepon jogging jakarta,2
link berita bangun rumah unit mksudnya bangun rupiah ajahh,0
sebentar harga kaget elektabilitas beda matang pohon karbitan,1
presiden pilih rakyat menang rakyat senang,0
juang,0
dukung indonesia maju,1
pungli kedok infak smkn sale rembang siswi bayar ribu kelas bebastugaskan kepseknya kepala sekolah infaq bangun musala versi gubernur jateng versi kepala sekolah,1
lelah urus bantu warga,1
menang sakit hati puluh taon hahaa,0
banding,1
warga semarang rebut cari negeri halal negeri pemprov sekolah negeri duduk kerja,0
prestasi sebutin,0
pimpin,2
pimpin,1
pimpin,0
pimpin,0
sehat,1
pimpin,0
peduli rakyat cocok kabinet kerja,1
pimpin,1
pimpin,1
pimpin,2
tanggung rakyat,1
berani tolak israel kaleng suka teriak anti israel kasih pilih sulit berani bicara tolak israel mental tempe takut suara gagal total mental soeharto,0
logika survey baswedan bicara panik rakyat cerdas emas besi,0
dukung alir deras kalang komunitas,1
dukung alir deras kalang komunitas,2
dukung alir deras kalang komunitas,1
pimpin gemar olahraga hidup sehat,1
pimpin gemar olahraga hidup sehat,1
bangga sederhana rakyat,2
pimpin rakyat,1
sosok pimpin bangun presiden,1
pungut pungut infaq pungut sman smkn slbn jateng gratis,0
sosok pimpin bangun presiden,2
sosok sederhana,0
alhamdulillah presiden dukung,2
alhamdulillah presiden dukung,0
ketemu megawati dukung koalisi partai politik senayan gabung banding ketemu megawati ketua,0
tiktok,2
mantap cegah tindak korupsi rugi rakyat negara,1
peduli sehat,1
hidup sehat,1
bangga laku,0
tabiat fans fans dukung,1
harap sambut nora maksud bangkit emosional agama citra,2
profil biodata andika perkasa cawapres alas mantan panglima,1
warga senang bantu langsung,1
admin main main,1
ngobrol,1
sehat,2
moga limpah rezeki,2
bantu cegah stunting,0
haru banget sederhana,0
apresiasi semangat tugas cegah stunting,0
cendana sreg,1
kawan kawan dukung bantu follow bahas putar fakta calon presiden indonesia,1
sederhana kerja keras kerja,2
orang kenal orang ortunya spil,1
orang jawa ruhut sitompul paham bodoh orang papua teriakin presiden beliau ribu papua orang papua jateng maklum teriak presiden bodoh tinggal dijateng,1
hidup sehat pimpin peduli sehat masyarakat jawa,0
pimpin maju,0
capres,1
pilih presiden rakyat jateng pilih presiden lihat video,0
jujur hobi nonton film porno,1
rakyat gembel adik oligarki percaya,0
hahaha bodoh kadrun akun bodong percaya kadrun kedekatakan istimewa jogyakarta,1
keren tajam serpih pikir wush,0
sukses maju didik jateng didik efektif investasi didik dorong entas miskin lingkung arhan tidur jorok turu,0
bukti anti kaum radikalisme intoleransi henti bohong murah berani tolak bentuk tindak intolerans radikalisme capres tolak sahabat,0
teman teman mesti warga pilih banding jabat wapres wapresnya tulen serep,2
pimpin gemar plahraga hidup sehat,1
peduli sehat masyarakat sukohqrjo olahraga,1
ijazah palsu kaya nganu pakai ijazah ipar,1
saking bodoh bodoh ruhut bilang paripurna otak taruh pakai otak pakai dungkul ernester mantan ketua projo bilang ginjar prestasi misi visi bilang paripurna bodoh,2
bangga banget pribadi,1
peduli,2
haaa mrnang maksud gitu klau sirik tanda tfak haaa,0
kunjung yogyakarta bank jateng friendship gubernur jawa istri unjung studio seni bahan plastik milik mutia danunegaran kota yogyakarta minggu juli,2
menang rakyat bahagia,0
capres,1
capres idam,1
indonesia maju,1
juang,2
presiden indonesia kerja presiden,2
nyapres nyapres wakil nyapres eleminasi,1
gonggong tahu ketawa double income hantam bantai jilat,2
mantap bangett,2
kasih kode kualitas elektabilitas dasar dukung wowo,0
bangga banget inisiatif,2
menang rakyat bahagia,1
capres,2
capres idam,0
indonesia maju,2
terima kasih kritik bijak menjelekkkan pribadi lihat kelola negara model gagal sistem sekolah amanah,1
peduli,1
wadas wadas keras bohir lembek malas orang,0
manfa orang abai suka menang derita orang suka,1
maju calon presiden,2
saking percaya rakyat kerja hormat gubernur jateng bagus masyarakat lapang curhatnya gubernur bupati tupoksinya bupati,1
owalah youtube orang wkkwkwkk hobi serang dukung porno,1
solusi,0
teliti ridwan kamil cawapres milu logis,1
hidup sehat pimpin peduli sehat masyarakat jawa,2
turus bawa indonesia maju,1
pimpin peduli sehat masyarakat jawa olahraga,0
pimpin bangsa peduli generasi milenial jiwa muda,1
peduli sehat masyarakat jawa olahraga,1
warga pikir giring pakai duit ribu kasih kresek pilih rakyat pikir,0
dukung presiden,1
dukung presiden,1
brebes miskin jawa,1
urus nonton layar biru tuju rekan pimpin rusa moral anak ayah anak nenek cucu kakek cucu,1
bicara forum,0
rakyat sadar realita bhwa njabat pungut liar sekolah haduuh,0
presiden langsung jilat aneh dunia,0
warga pikir giring pakai duit ribu kasih kresek pilih rakyat pikir,1
calon presiden,1
pimpin indonesia maju,1
bicara forum,1
keren habis kaos heheee menang total,1
desa desa jateng maju sosok rakyat peduli ekonomi masyarakat situasi desa wujud masyarakat desa beliau latar orang desa arhan tidur jorok turu,1
peduli sehat hidup sehat,1
warga pikir giring paka duit ribu kasih kresek pilih rakyat pikir,1
gempur,2
survei capres cawapres,1
capres,1
pimpin gemar olahraga hidup sehat,2
peduli sehat olahraga bareng warga sukoharjo,0
juang bangun indonesia maju presiden,2
maju presiden,2
capai kerja apaaaaa njing hahaa periode bicara bicara,1
bijak hebat,0
survey rawan kerja keras serang pecah belah anak bangsa survei capres cawapres,2
menang rakyat bahagia,2
capres,1
capres idam,0
indonesia maju,2
ramai ngebokeppp,1
pikir pilih genz cerdas pilih,2
rekam jejak rekam jejak calon presiden usung juang ungkit rekam jejak libat korupsi berantas tambang ilegal,2
anak anak muda jakarta bukti suka dukung presiden sifat humble anak muda akrab,2
terkhir efendi simbilon suara oanda nababan trimedia panjaitan rekam nyata yaang bagus elit sumatera utara retak,2
gestur politik presiden,0
idola anak gaul jakarta wahh keren,2
pimpin bangsa peduli generasi milenial,0
dukung presiden,1
haru biru pulang haji makkah beda sambut haji haji haji sambut pulang ramai rawan dukung diam beliau jelang shubuh masyaallah salam ubah,1
sosok sederhana rakyat,2
presiden bilang dukung,1
hebat suruh atur daerah hukum mati koroptor dukung senang hati baliho besarrr besarrr jateng pilih berani,2
sedot dukung baswedan survey tebak survey hibur kuat lari,1
